<?xml version="1.0" encoding="UTF-8"?>
<beans xmlns="http://www.springframework.org/schema/beans"  
    xmlns:xsi="http://www.w3.org/2001/XMLSchema-instance"  
    xmlns:p="http://www.springframework.org/schema/p"  
    xmlns:context="http://www.springframework.org/schema/context" 
    xmlns:mvc="http://www.springframework.org/schema/mvc"
     xmlns:websocket="http://www.springframework.org/schema/websocket" 
    xsi:schemaLocation="http://www.springframework.org/schema/beans  
http://www.springframework.org/schema/beans/spring-beans-3.0.xsd  
http://www.springframework.org/schema/context  
http://www.springframework.org/schema/context/spring-context-3.0.xsd
http://www.springframework.org/schema/mvc 
http://www.springframework.org/schema/mvc/spring-mvc.xsd
 http://www.springframework.org/schema/websocket
        http://www.springframework.org/schema/websocket/spring-websocket.xsd
        http://www.springframework.org/schema/tx 
	http://www.springframework.org/schema/tx/spring-tx.xsd"> 
<!-- Handler Mapping -->
<context:component-scan base-package="com.niit.*"/> 
<mvc:resources location="/WEB-INF/resources/" mapping="/resources/**" />
<mvc:annotation-driven/>
<websocket:message-broker application-destination-prefix="/app">
        <websocket:stomp-endpoint path="/chat">
            <websocket:sockjs/>
        </websocket:stomp-endpoint>
        <websocket:simple-broker prefix="/topic, /queue"/>
    </websocket:message-broker>

<!--  this is a view resolver -->
<bean id="multipartResolver" class="org.springframework.web.multipart.commons.CommonsMultipartResolver" />
<bean  class="org.springframework.web.servlet.view.InternalResourceViewResolver">
<property name="prefix">
<value>/WEB-INF/views/</value>
</property>
<property name="suffix">
<value>.jsp</value>
</property>
</bean>
<!-- <bean id="multipartResolver" class="org.springframework.web.multipart.commons.CommonsMultipartResolver">  
        one of the properties available; the maximum file size in bytes  
        <property name="maxUploadSize" value="5242880">  
    </property> </bean>
	
	
	<bean id="transactionManager"
		class="org.springframework.orm.hibernate4.HibernateTransactionManager">
		<property name="sessionFactory" ref="sessionFactory" />
	</bean>

<tx:annotation-driven transaction-manager="transactionManager"/> -->
</beans>