
	<!-- <intercept-url pattern="/LoginAf" access="ROLE_USER"/>
	<form-login  login-page="/login"  default-target-url="/LoginAf"/>
	<intercept-url pattern="/blog" access="ROLE_USER"/>
	<form-login  login-page="/login"  default-target-url="/blog"/>
	<intercept-url pattern="/newforum" access="ROLE_USER"/>
	<form-login  login-page="/login"  default-target-url="/newforum"/> -->
	
<beans:beans xmlns="http://www.springframework.org/schema/security"
xmlns:mvc="http://www.springframework.org/schema/mvc"
xmlns:context="http://www.springframework.org/schema/context"
xmlns:xsi="http://www.w3.org/2001/XMLSchema-instance"
xmlns:tx="http://www.springframework.org/schema/tx"
xmlns:security="http://www.springframework.org/schema/security"
xmlns:beans="http://www.springframework.org/schema/beans"
xsi:schemaLocation="http://www.springframework.org/schema/beans
http://www.springframework.org/schema/beans/spring-beans.xsd
http://www.springframework.org/schema/mvc
http://www.springframework.org/schema/mvc/spring-mvc.xsd
http://www.springframework.org/schema/context
http://www.springframework.org/schema/context/spring-context.xsd
http://www.springframework.org/schema/tx
http://www.springframework.org/schema/tx/spring-tx-4.2.xsd
http://www.springframework.org/schema/security
http://www.springframework.org/schema/security/spring-security.xsd">
	<!-- <http auto-config="true" use-expressions="false"> -->
	<security:http auto-config="true" use-expressions="true">
    
        <security:intercept-url pattern="/blog/**"
        access="hasRole('ROLE_ADMIN')" />
    <security:intercept-url pattern="/blog/**"
        access="hasRole('ROLE_USER')" />
        
        <security:intercept-url pattern="/newforum/**"
        access="hasRole('ROLE_ADMIN')"/>
        <security:intercept-url pattern="/newforum/**"
        access="hasRole('ROLE_USER')"/>
    
    <security:intercept-url pattern="/Chat/**"
        access="hasRole('ROLE_ADMIN')" />
    <security:intercept-url pattern="/Chat/**"
        access="hasRole('ROLE_USER')" />
        	
	<intercept-url pattern="/CustomerLogin" access="ROLE_USER"/>
	<form-login  login-page="/login"  default-target-url="/CustomerLogin"/>
	</security:http>	  

	<authentication-manager>
	<authentication-provider>
	<jdbc-user-service data-source-ref="dataSource" 
	 users-by-username-query="select username,password,isenabled from user where username=?" 
	authorities-by-username-query="select user.username, userrole.authority from user , userrole  where user.userid = userrole.userroleid and user.username =?" />
	</authentication-provider>
	</authentication-manager>
</beans:beans>